{"train_loss": 0.5039333652136689, "valid_loss": 2.662314495901122, "_timestamp": 1681576423.887506, "_runtime": 2168.1517651081085, "_step": 29, "_wandb": {"runtime": 2167}}